id,codigo,nombre,departamento,municipio,distrito,direccion,latitud,longitud,telefonos,programa,modernizacion,fase,control,fila_origen_sheet,sincronizado_en,creado_en
dc8f20a2-948f-444c-8e48-0277e2eb82a7,76047,"CENTRO ESCOLAR CASERÍO LA TRILLADERA, CANTÓN LA CONCEPCIÓN",CABAÑAS,CABAÑAS OESTE,TEJUTEPEQUE,,,,"{72405506,72405506,72405506}",,f,,f,537,2026-08-10 09:21:57.7678+00,2026-07-24 22:35:57.666164+00
c6bac5f6-a248-4cbd-a551-50c08f19fddd,76048,CENTRO ESCOLAR CANTÓN SAN FRANCISCO ECHEVERRÍA,CABAÑAS,CABAÑAS OESTE,TEJUTEPEQUE,,,,"{79867461,79867461,79867461}",,f,,f,538,2026-08-10 09:21:57.7678+00,2026-07-24 22:35:57.666164+00
af278787-eb86-4f3f-890b-ed83160cf32f,76049,CENTRO ESCOLAR CANTÓN SANTA OLAYA,CABAÑAS,CABAÑAS OESTE,TEJUTEPEQUE,,,,"{78612931,78612931,78612931}",,f,,f,539,2026-08-10 09:21:57.7678+00,2026-07-24 22:35:57.666164+00
ed87c8ba-7f4b-4fa2-a514-2bc27cbe8b33,76050,CENTRO ESCOLAR CANTÓN SANTA RITA,CABAÑAS,CABAÑAS OESTE,TEJUTEPEQUE,,,,"{72502758,72502758,72502758}",,f,,f,540,2026-08-10 09:21:57.7678+00,2026-07-24 22:35:57.666164+00
3db77a56-848a-40ff-bd83-696778c79f85,86428,"CENTRO ESCOLAR CASERÍO BUENOS AIRES, CANTÓN LA CONCEPCIÓN",CABAÑAS,CABAÑAS OESTE,TEJUTEPEQUE,,,,"{79864375,79864375,79864375}",,f,,f,541,2026-08-10 09:21:57.7678+00,2026-07-24 22:35:57.666164+00
c833263c-4cad-4bf9-a31f-3920beb82454,10031,COMPLEJO EDUCATIVO DOCTOR ARTURO ROMERO,AHUACHAPÁN,AHUACHAPÁN CENTRO,AHUACHAPÁN,,,,"{72491851,72491851,72491851}",,f,,f,25,2026-08-10 09:21:57.238686+00,2026-07-24 22:35:57.316281+00
73b57e90-7d6a-4f1e-8104-13b43fa6fdb4,10032,CENTRO ESCOLAR CANTON SANTA ROSA ACACALCO,AHUACHAPÁN,AHUACHAPÁN CENTRO,AHUACHAPÁN,,,,"{72489640,72489640,72489640}",,f,,f,26,2026-08-10 09:21:57.238686+00,2026-07-24 22:35:57.316281+00
3d967339-6559-4f68-b945-67d99f986121,10033,COMPLEJO EDUCATIVO HACIENDA LA LABOR,AHUACHAPÁN,AHUACHAPÁN CENTRO,AHUACHAPÁN,,,,"{72263871,72263871,72263871}",,f,,f,27,2026-08-10 09:21:57.238686+00,2026-07-24 22:35:57.316281+00
3e0b1bc7-f0d3-4802-a246-8b862fe5398a,10037,"CENTRO ESCOLAR CASERIO LAS CHINITAS, C. LLANO DE LA LAGUNA",AHUACHAPÁN,AHUACHAPÁN CENTRO,AHUACHAPÁN,,,,"{78604650,78604650,78604650}",,f,,f,28,2026-08-10 09:21:57.238686+00,2026-07-24 22:35:57.316281+00
11767bf1-da02-48f3-a6fe-c31d4d657654,10038,CENTRO ESCOLAR COLONIA SANTA MARIA,AHUACHAPÁN,AHUACHAPÁN CENTRO,AHUACHAPÁN,,,,"{72497637,72497637,72497637}",,f,,f,29,2026-08-10 09:21:57.238686+00,2026-07-24 22:35:57.316281+00
9e798d06-a90b-4d1c-9521-0d70f0001f2a,10095,COMPLEJO EDUCATIVO ANTONIO J. ALFARO,AHUACHAPÁN,AHUACHAPÁN CENTRO,ATACO,,,,"{72497718,72497718,72497718}",,f,,f,85,2026-08-10 09:21:57.238686+00,2026-07-24 22:35:57.316281+00
1589f30f-eb4d-4d47-b3f8-a882f2dd648e,60035,"CENTRO ESCOLAR FINCA MATALA, CANTÓN EL NARANJITO",AHUACHAPÁN,AHUACHAPÁN CENTRO,ATACO,,,,"{72414041,72414041,72414041}",,f,,f,92,2026-08-10 09:21:57.238686+00,2026-07-24 22:35:57.316281+00
afde93bb-3dec-4dcb-981e-495a68a4cfd2,60097,"CENTRO ESCOLAR CASERÍO LA ANGOSTURA, CANTÓN EL CHAGUITE",AHUACHAPÁN,AHUACHAPÁN CENTRO,TACUBA,,,,"{72498993,72498993,72498993}",,f,,f,115,2026-08-10 09:21:57.238686+00,2026-07-24 22:35:57.316281+00
42aa57d7-901b-462c-a842-e6c95f062ef2,10079,COMPLEJO EDUCATIVO ANTONIO JOSÉ DE SUCRE,AHUACHAPÁN,AHUACHAPÁN NORTE,ATIQUIZAYA,,,,"{72505485,72505485,72505485}",,f,,f,146,2026-08-10 09:21:57.238686+00,2026-07-24 22:35:57.316281+00
dbeb0f4e-6539-485b-af59-5804a594b940,10082,CENTRO ESCOLAR CANTON LA ESPERANZA,AHUACHAPÁN,AHUACHAPÁN NORTE,ATIQUIZAYA,,,,"{79875613,79875613,79875613}",,f,,f,147,2026-08-10 09:21:57.238686+00,2026-07-24 22:35:57.316281+00
d113c4ab-dba6-4edd-97d0-b19018bb98e2,10083,CENTRO ESCOLAR CANTON JOYA DEL PLATANAR,AHUACHAPÁN,AHUACHAPÁN NORTE,ATIQUIZAYA,,,,"{72488588,72488588,72488588}",,f,,f,148,2026-08-10 09:21:57.238686+00,2026-07-24 22:35:57.316281+00
8766c735-69ca-4dc6-853b-2fe37381c529,60048,CENTRO ESCOLAR CANTÓN LOS PUENTECITOS,AHUACHAPÁN,AHUACHAPÁN SUR,GUAYMANGO,,,,"{72291524,72291524,72291524}",,f,,f,195,2026-08-10 09:21:57.238686+00,2026-07-24 22:35:57.316281+00
ed58b277-89b9-4b36-a90f-191120d3bc40,12220,"CENTRO ESCOLAR ""CASERIO LA CORONA, CANTON EL AGUACATE""",CABAÑAS,CABAÑAS_ESTE,SENSUNTEPEQUE,,,,{72660243},,f,,f,543,2026-08-10 09:21:57.7678+00,2026-07-24 22:35:57.666164+00
00a3ea05-ee7c-48a3-96b6-e1337b87504d,60014,"CENTRO ESCOLAR CASERÍO LAGUNA VERDE, CANTÓN PALO VERDE",AHUACHAPÁN,AHUACHAPÁN CENTRO,APANECA,,,,"{72488925,72488925,72488925}",,f,,f,72,2026-08-10 09:21:57.238686+00,2026-07-24 22:35:57.316281+00
03411494-433a-43ff-9b12-6a0236cdd3dd,60015,CENTRO ESCOLAR CANTÓN PALO VERDE,AHUACHAPÁN,AHUACHAPÁN CENTRO,APANECA,,,,"{72491046,72491046,72491046}",,f,,f,73,2026-08-10 09:21:57.238686+00,2026-07-24 22:35:57.316281+00
51a1495b-67ef-411d-95a5-ea7c77f0b361,60018,"CENTRO ESCOLAR CASERÍO FINCA PRETORIA, CANTÓN TALTAPANCA",AHUACHAPÁN,AHUACHAPÁN CENTRO,APANECA,,,,"{77491716,77491716,77491716}",,f,,f,74,2026-08-10 09:21:57.238686+00,2026-07-24 22:35:57.316281+00
f7fa8680-1e72-4b3f-8eb0-1288d7d4c8fe,60020,CENTRO ESCOLAR CANTÓN TALTAPANCA,AHUACHAPÁN,AHUACHAPÁN CENTRO,APANECA,,,,"{77404037,77404037,77404037}",,f,,f,75,2026-08-10 09:21:57.238686+00,2026-07-24 22:35:57.316281+00
7e593c21-db45-467b-8fad-16e8933453c4,60027,"CENTRO ESCOLAR CASERÍO EL ESPINO, CANTÓN LA CEIBA.",AHUACHAPÁN,AHUACHAPÁN CENTRO,ATACO,,,,"{72497781,72497781}",,f,,f,86,2026-08-10 09:21:57.238686+00,2026-07-24 22:35:57.316281+00
fe6c253b-03b0-4de2-8856-118e9a8d0cd5,60029,"CENTRO ESCOLAR CASERÍO TEAPAN, CANTÓN SAN JOSÉ",AHUACHAPÁN,AHUACHAPÁN CENTRO,ATACO,,,,"{72492934,72492934}",,f,,f,87,2026-08-10 09:21:57.238686+00,2026-07-24 22:35:57.316281+00
9464dfc9-f7c3-4759-a7d5-a7159e41e699,60031,"CENTRO ESCOLAR CASERÍO EL CHIRIZO, CANTÓN TEXUZIN",AHUACHAPÁN,AHUACHAPÁN CENTRO,ATACO,,,,"{61107565,61107565,61107565}",,f,,f,88,2026-08-10 09:21:57.238686+00,2026-07-24 22:35:57.316281+00
e2bb72a2-a0b9-45f0-8e63-8c3545cc5c11,60032,CENTRO ESCOLAR CANTÓN EL ARCO,AHUACHAPÁN,AHUACHAPÁN CENTRO,ATACO,,,,"{72497781,72497781,72497781}",,f,,f,89,2026-08-10 09:21:57.238686+00,2026-07-24 22:35:57.316281+00
2071aa14-8921-4b00-a510-b1ce6cc45e56,60033,CENTRO ESCOLAR CANTÓN EL LIMO,AHUACHAPÁN,AHUACHAPÁN CENTRO,ATACO,,,,"{72491007,72491007,72491007}",,f,,f,90,2026-08-10 09:21:57.238686+00,2026-07-24 22:35:57.316281+00
5a6a30af-23b6-4f6a-b419-11a23e3a9396,76022,CENTRO ESCOLAR CANTÓN COLONIA LA PALMA,CABAÑAS,CABAÑAS OESTE,ILOBASCO,,,,"{72499473,72499473,72499473}",,f,,f,505,2026-08-10 09:21:57.7678+00,2026-07-24 22:35:57.666164+00
a239328a-0a0f-4dbf-8b94-4bd1ed6f488d,76067,"CENTRO ESCOLAR CASERÍO SAN ANTONIO, CANTÓNN EL MESTIZO",CABAÑAS,CABAÑAS OESTE,ILOBASCO,,,,"{72276815,72276815,72276815}",,f,,f,506,2026-08-10 09:21:57.7678+00,2026-07-24 22:35:57.666164+00
baf5fd6e-fdfe-40de-ad44-9018d1dea1f2,76068,"CENTRO ESCOLAR CASERÍO LOS DELGADOS, CANTÓN SAN JOSÉ",CABAÑAS,CABAÑAS OESTE,ILOBASCO,,,,"{72507465,72507465,72507465}",,f,,f,507,2026-08-10 09:21:57.7678+00,2026-07-24 22:35:57.666164+00
a300d2db-3b1e-488b-b3a3-86b27e6bbd25,76069,"CENTRO ESCOLAR CASERÍO CHIGUELE, CANTÓN SITIO VIEJO",CABAÑAS,CABAÑAS OESTE,ILOBASCO,,,,"{72588959,72588959}",,f,,f,508,2026-08-10 09:21:57.7678+00,2026-07-24 22:35:57.666164+00
bf475bda-465c-430b-88f4-212b68b242f1,86543,"CENTRO ESCOLAR CASERÍO ARENERA Y LOS REYES, CANTÓN HUERTAS",CABAÑAS,CABAÑAS OESTE,ILOBASCO,,,,"{79856380,79856380,79856380}",,f,,f,511,2026-08-10 09:21:57.7678+00,2026-07-24 22:35:57.666164+00
7d277d25-23a9-4759-94c1-6bb8021a0d88,88084,COMPLEJO EDUCATIVO CATOLICO PIO XII,CABAÑAS,CABAÑAS OESTE,ILOBASCO,,,,"{72495339,72495339,72495339}",,f,,f,512,2026-08-10 09:21:57.7678+00,2026-07-24 22:35:57.666164+00
a34911e3-1622-443f-acfe-8e6fde0a3432,88165,INSTITUTO CATÓLICO KAROL WOJTYLA,CABAÑAS,CABAÑAS OESTE,ILOBASCO,,,,"{72508723,72508723,72508723}",,f,,f,514,2026-08-10 09:21:57.7678+00,2026-07-24 22:35:57.666164+00
ec877cbb-95fe-40fe-8667-e832277b2b7f,66052,"CENTRO ESCOLAR CASERIO GUAYABITO, CANTÓN LOS HORCONES",CHALATENANGO,CHALATENANGO NORTE,LA PALMA,,,,"{72506846,72506846,72506846}",,f,,f,767,2026-08-10 09:21:57.7678+00,2026-07-24 22:35:57.666164+00
44f09f72-2407-40fa-b129-9edb721a9f4f,10942,COMPLEJO EDUCATIVO CANTÓN LAS PILAS,CHALATENANGO,CHALATENANGO NORTE,SAN IGNACIO,,,,"{72414341,72414341,72414341}",,f,,f,770,2026-08-10 09:21:57.7678+00,2026-07-24 22:35:57.666164+00
471d5f45-9e3d-4ffc-ae31-fc3d6bf893a2,60142,"CENTRO ESCOLAR CASERIO LOS GUEVARITAS, CANTÓN EL MORRO",CHALATENANGO,CHALATENANGO SUR,COMALAPA,,,,"{77461092,77461092}",,f,,f,846,2026-08-10 09:21:57.7678+00,2026-07-24 22:35:57.666164+00
cbeec28a-ba1d-41a5-b7b5-977cddf9f6b2,66013,"CENTRO ESCOLAR CASERÍO EL PILÓN, CANTÓN CANDELARIA",CHALATENANGO,CHALATENANGO SUR,COMALAPA,,,,"{75789126,75789126}",,f,,f,847,2026-08-10 09:21:57.7678+00,2026-07-24 22:35:57.666164+00
fd011917-ac97-42dc-9c72-a6cf1d7472ad,72037,CENTRO ESCOLAR CANTÓN EL RODEO,CUSCATLÁN,CUSCATLÁN  NORTE,SAN PEDRO PERULAPÁN,,,,"{72276949,72276949,72276949}",,f,,f,1006,2026-08-10 09:21:57.898103+00,2026-07-24 22:35:57.939696+00
5c35ca5e-d46d-4064-bf76-8056b8f5d03f,72014,CENTRO ESCOLAR CANTÓN SAN SEBASTIAN,CUSCATLÁN,CUSCATLÁN  SUR,EL CARMEN,,,,"{77450498,77450498,77450498}",,f,,f,1098,2026-08-10 09:21:57.898103+00,2026-07-24 22:35:57.939696+00
12c91563-690e-46c4-9968-ae8bda8397d1,72015,CENTRO ESCOLAR CANTÓN SANTA LUCÍA,CUSCATLÁN,CUSCATLÁN  SUR,EL CARMEN,,,,"{76071842,76071842}",,f,,f,1099,2026-08-10 09:21:57.898103+00,2026-07-24 22:35:57.939696+00
8d437715-a63d-4a8a-b40e-9c329dfe30f0,10174,INSTITUTO NACIONAL DE EL ROSARIO,CUSCATLÁN,CUSCATLÁN  SUR,EL ROSARIO,,,,"{72407820,72407820,72407820}",,f,,f,1100,2026-08-10 09:21:57.898103+00,2026-07-24 22:35:57.939696+00
1c54a52e-cdcb-46d0-8c3d-671c699d50b7,11818,CENTRO ESCOLAR MONSEÑOR LUIS CHAVEZ Y GONZALEZ,CUSCATLÁN,CUSCATLÁN  SUR,EL ROSARIO,,,,"{72405734,72405734,72405734}",,f,,f,1101,2026-08-10 09:21:57.898103+00,2026-07-24 22:35:57.939696+00
1b4d3818-4666-4f1b-8f13-95d3cf9413f8,11819,CENTRO ESCOLAR CANTON VERACRUZ,CUSCATLÁN,CUSCATLÁN  SUR,EL ROSARIO,,,,"{78601776,78601776,78601776}",,f,,f,1102,2026-08-10 09:21:57.898103+00,2026-07-24 22:35:57.939696+00
9206a415-8538-472a-9ff0-b053dbf55899,11820,CENTRO ESCOLAR CANTON EL AMATILLO,CUSCATLÁN,CUSCATLÁN  SUR,EL ROSARIO,,,,"{78628324,78628324,78628324}",,f,,f,1103,2026-08-10 09:21:57.898103+00,2026-07-24 22:35:57.939696+00
b90ff675-ae44-4a6a-aaa8-fbbff2953714,72084,CENTRO ESCOLAR CANTÓN EL CALVARIO,CUSCATLÁN,CUSCATLÁN  SUR,EL ROSARIO,,,,"{78595819,79855783}",,f,,f,1104,2026-08-10 09:21:57.898103+00,2026-07-24 22:35:57.939696+00
5244b9c6-023f-4c09-b87f-623605ce23c7,11821,CENTRO ESCOLAR LEON SIGUENZA,CUSCATLÁN,CUSCATLÁN  SUR,MONTE SAN JUAN,,,,"{78032503,78032503}",,f,,f,1105,2026-08-10 09:21:57.898103+00,2026-07-24 22:35:57.939696+00
41ced0a7-96f1-4e9a-b1a1-19ab01d4c3e3,11824,COMPLEJO EDUCATIVO JOSE MARIA LEMUS P.,CUSCATLÁN,CUSCATLÁN  SUR,MONTE SAN JUAN,,,,"{72508463,72508463}",,f,,f,1106,2026-08-10 09:21:57.898103+00,2026-07-24 22:35:57.939696+00
fde1b95a-832e-41cd-bef3-6482660c15e5,72016,CENTRO ESCOLAR CANTÓN CANDELARIA,CUSCATLÁN,CUSCATLÁN  SUR,MONTE SAN JUAN,,,,"{76809914,76809914}",,f,,f,1107,2026-08-10 09:21:57.898103+00,2026-07-24 22:35:57.939696+00
ebbad79b-b5ee-4655-8886-ba29eb8213fe,72058,"CENTRO ESCOLAR CASERÍO VALLE VERDE, CANTÓN PLATANARES",CUSCATLÁN,CUSCATLÁN  NORTE,SUCHITOTO,,,,"{72499862,72499862}",,f,,f,1035,2026-08-10 09:21:57.898103+00,2026-07-24 22:35:57.939696+00
e39294ae-b58c-47b9-a777-50527bfdb217,86343,"CENTRO ESCOLAR CASERÍO LAS CUEVITAS, CANTÓN EL ROSARIO",AHUACHAPÁN,AHUACHAPÁN SUR,GUAYMANGO,,,,"{72289441,72289441,72289441}",,f,,f,200,2026-08-10 09:21:57.238686+00,2026-07-24 22:35:57.316281+00
cc2e8ddc-2125-4bce-936a-32ac49c8f216,10111,CENTRO ESCOLAR HACIENDA HOJA DE SAL,AHUACHAPÁN,AHUACHAPÁN SUR,JUJUTLA,,,,"{72401161,72401161,72401161}",,f,,f,204,2026-08-10 09:21:57.238686+00,2026-07-24 22:35:57.316281+00
aa7b8a51-d8a1-472b-bf1a-8bbaf01bd227,10112,CENTRO ESCOLAR CASERIO LOS CALDERON,AHUACHAPÁN,AHUACHAPÁN SUR,JUJUTLA,,,,"{72414046,72414046,72414046}",,f,,f,205,2026-08-10 09:21:57.238686+00,2026-07-24 22:35:57.316281+00
fb8c7e5d-062e-4529-af6e-55bb4ae1e6cd,10113,CENTRO ESCOLAR CASERIO CUILAPA,AHUACHAPÁN,AHUACHAPÁN SUR,JUJUTLA,,,,"{72397012,72397012}",,f,,f,206,2026-08-10 09:21:57.238686+00,2026-07-24 22:35:57.316281+00
8b366c04-b7e7-47ce-9fb3-f9a2b5a9ff3d,14862,"CENTRO ESCOLAR CASERIO CALERA GRANDE, CANTON RIO FRIO",AHUACHAPÁN,AHUACHAPÁN CENTRO,AHUACHAPÁN,,,,"{72482412,72482412,72482412}",,f,,f,41,2026-08-10 09:21:57.238686+00,2026-07-24 22:35:57.316281+00
4c77e615-ddf6-43c5-b5e6-2620fae2cd67,86490,"CENTRO ESCOLAR HACIENDA EL CARMEN, CANTÓN RÍO FRÍO",AHUACHAPÁN,AHUACHAPÁN CENTRO,AHUACHAPÁN,,,,"{78516548,78516548,78516548}",,f,,f,63,2026-08-10 09:21:57.238686+00,2026-07-24 22:35:57.316281+00
fb6bc333-e3db-4a80-85a5-fc9937dcb335,86491,"CENTRO ESCOLAR CASERÍO LOS PIN, CANTÓN LOS HUATALES",AHUACHAPÁN,AHUACHAPÁN CENTRO,AHUACHAPÁN,,,,"{78629237,78629237,78629237}",,f,,f,64,2026-08-10 09:21:57.238686+00,2026-07-24 22:35:57.316281+00
79f130bb-3593-45f4-b9c3-10b6f23fde97,60034,CENTRO ESCOLAR CANTÓN EL NARANJITO,AHUACHAPÁN,AHUACHAPÁN CENTRO,ATACO,,,,"{72502037,72502037,72502037}",,f,,f,91,2026-08-10 09:21:57.238686+00,2026-07-24 22:35:57.316281+00
fdb4b91c-d7dc-4641-b6aa-2c9bacbcd192,10108,CENTRO ESCOLAR CANTON GUAYAPA ABAJO,AHUACHAPÁN,AHUACHAPÁN SUR,JUJUTLA,,,,"{72583337,72583337,72583337}",,f,,f,201,2026-08-10 09:21:57.238686+00,2026-07-24 22:35:57.316281+00
7bd9d484-4804-45d2-ba83-7dc688ae99c9,10109,CENTRO ESCOLAR FINCA EL SALTO,AHUACHAPÁN,AHUACHAPÁN SUR,JUJUTLA,,,,"{72261911,72261911,72261911}",,f,,f,202,2026-08-10 09:21:57.238686+00,2026-07-24 22:35:57.316281+00
e097daae-29e2-4592-a5cf-d1de89cf5ee0,10110,COMPLEJO EDUCATIVO COLONIA NUEVA,AHUACHAPÁN,AHUACHAPÁN SUR,JUJUTLA,,,,"{72629989,72629989}",,f,,f,203,2026-08-10 09:21:57.238686+00,2026-07-24 22:35:57.316281+00
1321d9de-ffa8-4a8a-870c-b08d91768e99,10114,CENTRO ESCOLAR CASERIO EL CARMEN,AHUACHAPÁN,AHUACHAPÁN SUR,JUJUTLA,,,,"{72399076,72399076,72399076}",,f,,f,207,2026-08-10 09:21:57.238686+00,2026-07-24 22:35:57.316281+00
eb0e55f5-29f6-4b7b-a973-9b9bb33f3bab,10115,CENTRO ESCOLAR CANTON ZAPUA,AHUACHAPÁN,AHUACHAPÁN SUR,JUJUTLA,,,,"{76075814,76075814,76075814}",,f,,f,208,2026-08-10 09:21:57.238686+00,2026-07-24 22:35:57.316281+00
a27736ac-2d5d-4a49-857c-f451072b1d29,10118,CENTRO ESCOLAR CASERIO EL MANGO,AHUACHAPÁN,AHUACHAPÁN SUR,JUJUTLA,,,,"{72401213,72401213,72401213}",,f,,f,209,2026-08-10 09:21:57.238686+00,2026-07-24 22:35:57.316281+00
dda6a22b-79b5-4449-b0f3-18ff6e44774f,10119,CENTRO ESCOLAR HACIENDA LAS DELICIAS,AHUACHAPÁN,AHUACHAPÁN SUR,JUJUTLA,,,,"{72399239,72399239,72399239}",,f,,f,210,2026-08-10 09:21:57.238686+00,2026-07-24 22:35:57.316281+00
4c7df580-308a-49d9-8858-95db366a4d1a,66055,CENTRO ESCOLAR CANTON EL PEPETO,CHALATENANGO,CHALATENANGO CENTRO,LA REINA,,,,"{72488426,72488426}",,f,,f,601,2026-08-10 09:21:57.7678+00,2026-07-24 22:35:57.666164+00
79ca88f0-a771-42d3-84fd-1361972f2e67,66053,"CENTRO ESCOLAR CASERIO EL TERRERO, CANTÓN LOS HORCONES",CHALATENANGO,CHALATENANGO NORTE,LA PALMA,,,,"{72605504,72605504,72605504}",,f,,f,768,2026-08-10 09:21:57.7678+00,2026-07-24 22:35:57.666164+00
bf45ac04-cdb4-4aa0-9f08-f8033770553f,10088,INSTITUTO NACIONAL CANTON LAS PILAS,CHALATENANGO,CHALATENANGO NORTE,SAN IGNACIO,,,,"{72491577,72491577,72491577}",,f,,f,769,2026-08-10 09:21:57.7678+00,2026-07-24 22:35:57.666164+00
e7e6e5a8-dd01-485e-9202-ef9a21bf799f,72061,"CENTRO ESCOLAR CASERÍO CELINA RAMOS, CANTÓN PLATANARES",CUSCATLÁN,CUSCATLÁN  NORTE,SUCHITOTO,,,,"{72497780,72497780,72497780}",,f,,f,1038,2026-08-10 09:21:57.898103+00,2026-07-24 22:35:57.939696+00
c6ab7c3e-4aa9-4515-870f-907d6a56bf2c,72062,"COMPLEJO EDUCATIVO CASERÍO LOS ALMENDROS, CANTÓN EL ZAPOTE",CUSCATLÁN,CUSCATLÁN  NORTE,SUCHITOTO,,,,"{72594855,72594855,72594855}",,f,,f,1039,2026-08-10 09:21:57.898103+00,2026-07-24 22:35:57.939696+00
22f68be2-bfde-4c57-8c8b-93b89590ba98,72073,CENTRO ESCOLAR CANTÓN PEPEISHTENANGO,CUSCATLÁN,CUSCATLÁN  NORTE,SUCHITOTO,,,,"{72601319,72601319,72601319}",,f,,f,1047,2026-08-10 09:21:57.898103+00,2026-07-24 22:35:57.939696+00
84b9e55f-c05c-4baa-ae58-09da588742f5,72010,CENTRO ESCOLAR CANTÓN CONCEPCIÓN,CUSCATLÁN,CUSCATLÁN  SUR,EL CARMEN,,,,"{76000545,76000545}",,f,,f,1095,2026-08-10 09:21:57.898103+00,2026-07-24 22:35:57.939696+00
8e4384d6-b3cf-447f-96b1-37d34d4fe18d,10999,CENTRO ESCOLAR WALTER THILO DEININGER,LA LIBERTAD,LA LIBERTAD ESTE,ANTIGUO CUSCATLÁN,,,,"{77473558,77473558,77473558}",,f,,f,1351,2026-08-10 09:21:57.898103+00,2026-07-24 22:35:57.939696+00
29a139ab-0a7d-4128-9a30-75f648ce72d9,68203,"CENTRO ESCOLAR COMUNIDAD EL MILAGRO, FINCA EL PORVENIR",LA LIBERTAD,LA LIBERTAD ESTE,ANTIGUO CUSCATLÁN,,,,"{78037862,78037862,78037862}",,f,,f,1355,2026-08-10 09:21:57.898103+00,2026-07-24 22:35:57.939696+00
591f713e-2bf3-4802-9516-0a0389ed5c75,11063,CENTRO ESCOLAR CANTON OJOS DE AGUA,LA LIBERTAD,LA LIBERTAD ESTE,HUIZÚCAR,,,,"{79238735,79238735,79238735}",,f,,f,1357,2026-08-10 09:21:57.898103+00,2026-07-24 22:35:57.939696+00
a420b418-9fcc-4f5d-a5ba-1ddc03da6598,10120,CENTRO ESCOLAR DOCTOR SIXTO ALBERTO PADILLA,AHUACHAPÁN,AHUACHAPÁN SUR,JUJUTLA,,,,"{72416082,64606352,64606352}",,f,,f,211,2026-08-10 09:21:57.238686+00,2026-07-24 22:35:57.316281+00
45b1ba63-64f2-4eb6-bb79-de2950b1b3a5,10121,CENTRO ESCOLAR LEOPOLDO MAYEN TORRES,AHUACHAPÁN,AHUACHAPÁN SUR,JUJUTLA,,,,"{72399238,72399238,72399238}",,f,,f,212,2026-08-10 09:21:57.238686+00,2026-07-24 22:35:57.316281+00
32729021-55d2-42ff-b69d-2b8830fc865c,10122,CENTRO ESCOLAR CANTON SAN ANTONIO,AHUACHAPÁN,AHUACHAPÁN SUR,JUJUTLA,,,,"{78037331,75937823,78037331}",,f,,f,213,2026-08-10 09:21:57.238686+00,2026-07-24 22:35:57.316281+00
2deb8314-ee82-40a7-826c-c1ee2376a326,60001,"CENTRO ESCOLAR CASERÍO LOS NANCES, CANTÓN EL TIGRE",AHUACHAPÁN,AHUACHAPÁN CENTRO,AHUACHAPÁN,,,,"{78031670,78031670,78031670}",,f,,f,42,2026-08-10 09:21:57.238686+00,2026-07-24 22:35:57.316281+00
dba8e115-d493-45c1-bc6f-72b73cde0b2c,88001,CENTRO ESCOLAR CATÓLICO SAN JOSE,AHUACHAPÁN,AHUACHAPÁN CENTRO,AHUACHAPÁN,,,,"{72504818,72504818,72504818}",,f,,f,65,2026-08-10 09:21:57.238686+00,2026-07-24 22:35:57.316281+00
0ed6dc4a-17b8-4422-8169-8fd1a9f3dc6b,60013,CENTRO ESCOLAR DOCTOR MARCO TULIO MAGAÑA,AHUACHAPÁN,AHUACHAPÁN CENTRO,APANECA,,,,"{72491069,72491069,72491069}",,f,,f,71,2026-08-10 09:21:57.238686+00,2026-07-24 22:35:57.316281+00
225a0cdf-6504-4bab-8e63-4d4099a67684,10758,CENTRO ESCOLAR CANTON AGUA FRIA,CHALATENANGO,CHALATENANGO CENTRO,AGUA CALIENTE,,,,"{78031145,78031145,78031145}",,f,,f,550,2026-08-10 09:21:57.7678+00,2026-07-24 22:35:57.666164+00
a419690e-67ce-4689-9c74-7dbde3fd70ea,86218,"CENTRO ESCOLAR CASERÍO LOS SICAHUITES, CANTÓN TEOSINTE",CHALATENANGO,CHALATENANGO SUR,ARCATAO,,,,"{78523748,78523748,78523748}",,f,,f,794,2026-08-10 09:21:57.7678+00,2026-07-24 22:35:57.666164+00
0d40b886-1446-4e9f-b6d4-9d7929e77200,86362,CENTRO ESCOLAR CANTÓN EL SITIO,CHALATENANGO,CHALATENANGO SUR,ARCATAO,,,,"{72480418,72480418,72480418}",,f,,f,795,2026-08-10 09:21:57.7678+00,2026-07-24 22:35:57.666164+00
45300bfd-5378-42f5-9d41-9cdea035769a,68054,COMPLEJO EDUCATIVO CANTÓN SAN JUAN BUENA VISTA,LA LIBERTAD,LA LIBERTAD ESTE,HUIZÚCAR,,,,"{77479569,77479569,77479569}",,f,,f,1365,2026-08-10 09:21:57.898103+00,2026-07-24 22:35:57.939696+00
39b65633-b22d-4a6f-af61-28953a0c65a8,68055,CENTRO ESCOLAR CANTÓN TILAPA,LA LIBERTAD,LA LIBERTAD ESTE,HUIZÚCAR,,,,"{72274636,72274636}",,f,,f,1366,2026-08-10 09:21:57.898103+00,2026-07-24 22:35:57.939696+00
7f8acb29-7f61-4590-9902-dd9cfdb9b825,11110,CENTRO ESCOLAR PEDRO PABLO CASTILLO,LA LIBERTAD,LA LIBERTAD ESTE,NUEVO CUSCATLÁN,,,,"{79243023,79243023,79243023}",,f,,f,1370,2026-08-10 09:21:57.898103+00,2026-07-24 22:35:57.939696+00
e79ae531-1e58-413e-b5f6-a8fd1ca007a5,11111,CENTRO ESCOLAR HACIENDA FLORENCIA,LA LIBERTAD,LA LIBERTAD ESTE,NUEVO CUSCATLÁN,,,,"{79240885,79240885,79240885}",,f,,f,1371,2026-08-10 09:21:57.898103+00,2026-07-24 22:35:57.939696+00
d3e8de45-783a-4dfa-96f5-9454136e17de,11182,CENTRO ESCOLAR DOCTOR SALVADOR MENDIETA,LA LIBERTAD,LA LIBERTAD ESTE,SAN JOSÉ VILLANUEVA,,,,"{72590774,72590774}",,f,,f,1372,2026-08-10 09:21:57.898103+00,2026-07-24 22:35:57.939696+00
0545dc22-402e-45d5-898e-e428ebf96804,11183,ESCUELA DE EDUCACION PARVULARIA SAN JOSE VILLANUEVA,LA LIBERTAD,LA LIBERTAD ESTE,SAN JOSÉ VILLANUEVA,,,,{77377877},,f,,f,1373,2026-08-10 09:21:57.898103+00,2026-07-24 22:35:57.939696+00
8699e917-996b-4676-ad28-dfefb812dfdd,11184,CENTRO ESCOLAR CANTON LAS DISPENSAS,LA LIBERTAD,LA LIBERTAD ESTE,SAN JOSÉ VILLANUEVA,,,,"{78619140,78619140,78619140}",,f,,f,1374,2026-08-10 09:21:57.898103+00,2026-07-24 22:35:57.939696+00
b28b3d81-c8ab-4fc8-ad3c-7fbe6385cd72,11186,CENTRO ESCOLAR CANTON EL ESCALON,LA LIBERTAD,LA LIBERTAD ESTE,SAN JOSÉ VILLANUEVA,,,,"{79240900,79240900}",,f,,f,1375,2026-08-10 09:21:57.898103+00,2026-07-24 22:35:57.939696+00
51711dd6-bbe3-411f-b0eb-1a2126494d13,11187,CENTRO ESCOLAR HABITACIONAL SAN JOSE,LA LIBERTAD,LA LIBERTAD ESTE,SAN JOSÉ VILLANUEVA,,,,"{78036766,78036766,78036766}",,f,,f,1376,2026-08-10 09:21:57.898103+00,2026-07-24 22:35:57.939696+00
1ca3b64d-f68a-4abd-977c-73077b408124,68105,"CENTRO ESCOLAR CASERÍO ESPÍRITU SANTO, CANTÓN EL ESCALÓN",LA LIBERTAD,LA LIBERTAD ESTE,SAN JOSÉ VILLANUEVA,,,,"{79234568,79234568,79234568}",,f,,f,1377,2026-08-10 09:21:57.898103+00,2026-07-24 22:35:57.939696+00
9a152a26-a61b-43da-9177-abf9c179eb0a,68106,"CENTRO ESCOLAR CASERÍO LA SERENA, CANTÓN TULA",LA LIBERTAD,LA LIBERTAD ESTE,SAN JOSÉ VILLANUEVA,,,,"{78033757,78033757,78033757}",,f,,f,1378,2026-08-10 09:21:57.898103+00,2026-07-24 22:35:57.939696+00
b82ff6d9-68bd-4b0d-aa3e-5d80f9ac6646,68107,CENTRO ESCOLAR CANTÓN EL PALOMAR,LA LIBERTAD,LA LIBERTAD ESTE,SAN JOSÉ VILLANUEVA,,,,"{78623853,78623853,78623853}",,f,,f,1379,2026-08-10 09:21:57.898103+00,2026-07-24 22:35:57.939696+00
7a7cdd7c-2369-4b2f-9a30-703d3274fff9,60002,"CENTRO ESCOLAR CASERÍO CALAPA, CANTÓN EL TIGRE",AHUACHAPÁN,AHUACHAPÁN CENTRO,AHUACHAPÁN,,,,"{72505705,72505705,72505705}",,f,,f,43,2026-08-10 09:21:57.238686+00,2026-07-24 22:35:57.316281+00
36f70175-0f5d-4237-82b9-d1b440f4e27e,60003,"CENTRO ESCOLAR CASERÍO EL DESVÍO, CANTÓN SANTA CRUZ",AHUACHAPÁN,AHUACHAPÁN CENTRO,AHUACHAPÁN,,,,"{77486296,77486296,77486296}",,f,,f,44,2026-08-10 09:21:57.238686+00,2026-07-24 22:35:57.316281+00
276f4bda-fb35-4000-b498-75dabf84b6d4,86348,"CENTRO ESCOLAR CASERÍO NUEVO AMANECER, CANTÓN PALO PIQUE",AHUACHAPÁN,AHUACHAPÁN CENTRO,AHUACHAPÁN,,,,"{72498317,72498317,72498317}",,f,,f,60,2026-08-10 09:21:57.238686+00,2026-07-24 22:35:57.316281+00
706bdd42-8bf0-477a-803d-3083026599b4,86488,CENTRO ESCOLAR CANTÓN LOS TOLES,AHUACHAPÁN,AHUACHAPÁN CENTRO,AHUACHAPÁN,,,,"{72498349,72498349,72498349}",,f,,f,61,2026-08-10 09:21:57.238686+00,2026-07-24 22:35:57.316281+00
c6c7bc66-f877-4cc9-90d2-74510554d869,86489,CENTRO ESCOLAR CANTÓN EL TIGRE,AHUACHAPÁN,AHUACHAPÁN CENTRO,AHUACHAPÁN,,,,"{76008456,76008456,76008456}",,f,,f,62,2026-08-10 09:21:57.238686+00,2026-07-24 22:35:57.316281+00
f6a5c0d4-ff1f-4845-8209-e68b20aca7f5,12278,CENTRO ESCOLAR DOCTOR IRENEO CHACON,CABAÑAS,CABAÑAS OESTE,TEJUTEPEQUE,,,,"{72583319,72583319}",,f,,f,532,2026-08-10 09:21:57.7678+00,2026-07-24 22:35:57.666164+00
5d7b042c-5fdc-4eb9-a935-9d59d58ee1c4,66088,"CENTRO ESCOLAR CASERÍO EL AGUACATILLO, CANTÓN SANTA RITA CIMARRÓN",CHALATENANGO,CHALATENANGO CENTRO,NUEVA CONCEPCIÓN,,,,"{72506730,72506730}",,f,,f,644,2026-08-10 09:21:57.7678+00,2026-07-24 22:35:57.666164+00
38d49fed-3ad2-444e-b59f-866a3b9250ee,66089,"CENTRO ESCOLAR CASERIO EL EMBARCAJE, CANTON LOS CHILAMATES",CHALATENANGO,CHALATENANGO CENTRO,NUEVA CONCEPCIÓN,,,,"{72280823,72280823,72280823}",,f,,f,645,2026-08-10 09:21:57.7678+00,2026-07-24 22:35:57.666164+00
a984bcde-3f32-45ce-b9db-15a743899ca6,66090,"CENTRO ESCOLAR CASERÍO RANCHO LUNA, CANTÓN LOS CHILAMATES",CHALATENANGO,CHALATENANGO CENTRO,NUEVA CONCEPCIÓN,,,,"{72278814,72278814,72278814}",,f,,f,646,2026-08-10 09:21:57.7678+00,2026-07-24 22:35:57.666164+00
5fd40bcf-9608-48dc-aac2-e2da386f5edb,10766,CENTRO ESCOLAR PRESBITERO RAUL ANTONIO RIVAS,CHALATENANGO,CHALATENANGO SUR,AZACUALPA,,,,"{72498373,72498373}",,f,,f,796,2026-08-10 09:21:57.7678+00,2026-07-24 22:35:57.666164+00
f443791e-1b8e-4fa3-9f84-49bf03e52e22,11837,CENTRO ESCOLAR CANTON SAN FRANCISCO,CUSCATLÁN,CUSCATLÁN  SUR,SAN CRISTÓBAL,,,,"{78596911,78596911,78596911}",,f,,f,1115,2026-08-10 09:21:57.898103+00,2026-07-24 22:35:57.939696+00
2309e787-2034-48fe-bcc0-6abb462639ab,60056,"CENTRO ESCOLAR CASERÍO VALLE NUEVO, CANTÓN GUAYAPA ABAJO",AHUACHAPÁN,AHUACHAPÁN SUR,JUJUTLA,,,,"{78564007,78564007,78564007}",,f,,f,221,2026-08-10 09:21:57.238686+00,2026-07-24 22:35:57.316281+00
68834992-203f-450c-811d-98ad1fee32d4,60057,CENTRO ESCOLAR CANTÓN EL DIAMANTE,AHUACHAPÁN,AHUACHAPÁN SUR,JUJUTLA,,,,"{72261888,72261888,72261888}",,f,,f,222,2026-08-10 09:21:57.238686+00,2026-07-24 22:35:57.316281+00
f657aa9e-4e84-425c-b400-1a7762d061b5,10059,INSTITUTO NACIONAL CANTON CARA SUCIA,AHUACHAPÁN,AHUACHAPÁN SUR,SAN FRANCISCO MENÉNDEZ,,,,"{72491532,72491532,72491532}",,f,,f,231,2026-08-10 09:21:57.238686+00,2026-07-24 22:35:57.316281+00
8865bccf-d4a5-4292-98c3-9179435ae89d,10125,CENTRO ESCOLAR CANTÓN EL ZAPOTE,AHUACHAPÁN,AHUACHAPÁN SUR,SAN FRANCISCO MENÉNDEZ,,,,"{72399630,72399630,72399630}",,f,,f,232,2026-08-10 09:21:57.238686+00,2026-07-24 22:35:57.316281+00
1b5fb4c3-be2b-45fd-afd2-9a0b6daf9501,10142,CENTRO ESCOLAR HACIENDA BOLA DE MONTE,AHUACHAPÁN,AHUACHAPÁN SUR,SAN FRANCISCO MENÉNDEZ,,,,"{72399571,72399571,72399571}",,f,,f,242,2026-08-10 09:21:57.238686+00,2026-07-24 22:35:57.316281+00
c531ed78-a934-41d5-9848-821a895eaa05,10143,CENTRO ESCOLAR CASERIO MENDEZ,AHUACHAPÁN,AHUACHAPÁN SUR,SAN FRANCISCO MENÉNDEZ,,,,"{72285201,72285201,72285201}",,f,,f,243,2026-08-10 09:21:57.238686+00,2026-07-24 22:35:57.316281+00
42d25fc6-c6f9-44eb-98a7-1e81d36ca5f7,11838,COMPLEJO EDUCATIVO SAN CRISTÓBAL,CUSCATLÁN,CUSCATLÁN  SUR,SAN CRISTÓBAL,,,,"{72407922,72407922,72407922}",,f,,f,1116,2026-08-10 09:21:57.898103+00,2026-07-24 22:35:57.939696+00
bcdd4aa6-4780-482c-91c9-97164e1abc10,60258,CENTRO ESCOLAR 13 DE FEBRERO DE 2001,CUSCATLÁN,CUSCATLÁN  SUR,SAN CRISTÓBAL,,,,"{70396896,70396896,70396896}",,f,,f,1117,2026-08-10 09:21:57.898103+00,2026-07-24 22:35:57.939696+00
2f181309-da19-4e85-b211-c3642fad009c,72027,CENTRO ESCOLAR CANTÓN SAN ANTONIO,CUSCATLÁN,CUSCATLÁN  SUR,SAN CRISTÓBAL,,,,"{78599924,78599924}",,f,,f,1118,2026-08-10 09:21:57.898103+00,2026-07-24 22:35:57.939696+00
7da679a6-ec07-453d-8712-2b6fab445ee0,86295,CENTRO ESCOLAR CANTÓN SANTA CRUZ,CUSCATLÁN,CUSCATLÁN  SUR,SAN CRISTÓBAL,,,,"{79192697,79192697}",,f,,f,1119,2026-08-10 09:21:57.898103+00,2026-07-24 22:35:57.939696+00
b3d0b3b4-179f-4285-9e45-bb8276db6b02,11871,CENTRO ESCOLAR CANTON EL COPINOL,CUSCATLÁN,CUSCATLÁN  SUR,SAN RAFAEL CEDROS,,,,"{78033049,78033049,78033049}",,f,,f,1120,2026-08-10 09:21:57.898103+00,2026-07-24 22:35:57.939696+00
6c2e1e5f-af2d-4291-99a1-3e3b7d6e0e22,11912,ESCUELA DE EDUCACION PARVULARIA TENANCINGO,CUSCATLÁN,CUSCATLÁN  SUR,TENANCINGO,,,,"{75046919,75046919,75046919}",,f,,f,1150,2026-08-10 09:21:57.898103+00,2026-07-24 22:35:57.939696+00
f0ab04f6-2072-4707-aae7-f8cd2876d626,11913,CENTRO ESCOLAR DOCTOR MANUEL ENRIQUE ARAUJO,CUSCATLÁN,CUSCATLÁN  SUR,TENANCINGO,,,,"{72506309,72506309,72506309}",,f,,f,1151,2026-08-10 09:21:57.898103+00,2026-07-24 22:35:57.939696+00
48b87d95-f240-4823-9516-d1a6256c3be0,11914,CENTRO ESCOLAR JOSE MARIO HENRIQUEZ,CUSCATLÁN,CUSCATLÁN  SUR,TENANCINGO,,,,"{78031739,78031739,78031739}",,f,,f,1152,2026-08-10 09:21:57.898103+00,2026-07-24 22:35:57.939696+00
97cb6a0c-2869-4d81-8e0a-cc5fe25c6a6b,11915,CENTRO ESCOLAR CANTON ROSARIO TABLON,CUSCATLÁN,CUSCATLÁN  SUR,TENANCINGO,,,,"{78626907,78626907,78626907}",,f,,f,1153,2026-08-10 09:21:57.898103+00,2026-07-24 22:35:57.939696+00
bc21542e-6d95-49f0-a654-1356f66e7c92,11150,"CENTRO ESCOLAR CASERIO EL AGUACATE, CANTON TACACHICO",LA LIBERTAD,LA LIBERTAD NORTE,QUEZALTEPEQUE,,,,"{79190723,79190723,79190723}",,f,,f,1398,2026-08-10 09:21:57.898103+00,2026-07-24 22:35:57.939696+00
e440be29-23de-4968-acd4-5ac111bceb05,10013,COMPLEJO EDUCATIVO GENERAL FABIO MORÁN,AHUACHAPÁN,AHUACHAPÁN CENTRO,AHUACHAPÁN,,,,"{78031689,77417168,78031689}",,f,,f,11,2026-08-10 09:21:57.238686+00,2026-07-24 22:35:57.316281+00
8c669598-1032-4f0a-bcd8-b039132ef8f9,60098,"CENTRO ESCOLAR CASERÍO LOMAS DE SAN ANTONIO, CANTÓN EL CHAGUITE",AHUACHAPÁN,AHUACHAPÁN CENTRO,TACUBA,,,,"{72501078,72501078,72501078}",,f,,f,116,2026-08-10 09:21:57.238686+00,2026-07-24 22:35:57.316281+00
0adae0f2-dad4-4fbe-b59d-872d3820adeb,10151,CENTRO ESCOLAR GILBERTO AUGUSTO CARCAMO,AHUACHAPÁN,AHUACHAPÁN NORTE,SAN LORENZO,,,,"{78038648,78038648,78038648}",,f,,f,162,2026-08-10 09:21:57.238686+00,2026-07-24 22:35:57.316281+00
02ac7f53-0df5-4c4d-af93-0521613ae3e5,10152,COMPLEJO EDUCATIVO ABEL WILFREDO VELASCO CÁRCAMO,AHUACHAPÁN,AHUACHAPÁN NORTE,SAN LORENZO,,,,"{78566798,78566798,78566798}",,f,,f,163,2026-08-10 09:21:57.238686+00,2026-07-24 22:35:57.316281+00
83fbc14d-aa7a-4451-929e-a67f762a825c,10153,CENTRO ESCOLAR HERMÓGENES ALBANÉS LEONOR,AHUACHAPÁN,AHUACHAPÁN NORTE,SAN LORENZO,,,,"{77487085,77487085,77487085}",,f,,f,164,2026-08-10 09:21:57.238686+00,2026-07-24 22:35:57.316281+00
dd6aedaa-e964-4177-ad37-370267a4f37c,10145,CENTRO ESCOLAR CASERIO TALPETATE,AHUACHAPÁN,AHUACHAPÁN SUR,SAN FRANCISCO MENÉNDEZ,,,,"{72390710,72390710}",,f,,f,244,2026-08-10 09:21:57.238686+00,2026-07-24 22:35:57.316281+00
afb4b5ce-a245-4e96-bc7a-c98ac3b371e6,10146,CENTRO ESCOLAR CASERIO LOS CONACASTES,AHUACHAPÁN,AHUACHAPÁN SUR,SAN FRANCISCO MENÉNDEZ,,,,"{72280961,72280961,72280961}",,f,,f,245,2026-08-10 09:21:57.238686+00,2026-07-24 22:35:57.316281+00
89b165fd-7387-468f-bd85-8956cf632c80,10147,CENTRO ESCOLAR CANTON EL COROZO,AHUACHAPÁN,AHUACHAPÁN SUR,SAN FRANCISCO MENÉNDEZ,,,,"{72512821,72512821,72512821}",,f,,f,246,2026-08-10 09:21:57.238686+00,2026-07-24 22:35:57.316281+00
fd7202d9-5a23-42af-944e-1505e0d6877a,10148,CENTRO ESCOLAR GENERAL FRANCISCO MENENDEZ,AHUACHAPÁN,AHUACHAPÁN SUR,SAN FRANCISCO MENÉNDEZ,,,,"{72278836,72278836,72278836}",,f,,f,247,2026-08-10 09:21:57.238686+00,2026-07-24 22:35:57.316281+00
1a1f7ca6-7889-4620-8c69-574edd26d0c7,10310,CENTRO ESCOLAR REPÚBLICA DE MÉXICO,AHUACHAPÁN,AHUACHAPÁN SUR,SAN FRANCISCO MENÉNDEZ,,,,"{72401739,72401739,72401739}",,f,,f,248,2026-08-10 09:21:57.238686+00,2026-07-24 22:35:57.316281+00
2085822f-a6c7-4a78-abec-7e0a3856c5af,14826,CENTRO ESCOLAR CATALINO PINEDA RIVERA,AHUACHAPÁN,AHUACHAPÁN SUR,SAN FRANCISCO MENÉNDEZ,,,,"{79209976,79209976,79209976}",,f,,f,249,2026-08-10 09:21:57.238686+00,2026-07-24 22:35:57.316281+00
d4577ec6-e595-4edc-8e9b-c80983e5a904,14827,ESCUELA DE EDUCACION PARVULARIA DE SAN FRANCISCO MENENDEZ,AHUACHAPÁN,AHUACHAPÁN SUR,SAN FRANCISCO MENÉNDEZ,,,,"{""no recibió"",79072027,79072027}",,f,,f,250,2026-08-10 09:21:57.238686+00,2026-07-24 22:35:57.316281+00
d2547e58-ff5a-43bc-ba9e-273da4dae253,10756,CENTRO ESCOLAR MIGUEL CABRERA,CHALATENANGO,CHALATENANGO CENTRO,AGUA CALIENTE,,,,"{77414766,77414766,77414766}",,f,,f,548,2026-08-10 09:21:57.7678+00,2026-07-24 22:35:57.666164+00
468413fa-9c0c-4693-bf09-712287115c88,66091,"CENTRO ESCOLAR CASERÍO CHICUMA, CANTÓN EL GAVILÁN",CHALATENANGO,CHALATENANGO CENTRO,NUEVA CONCEPCIÓN,,,,"{72488226,72488226,72488226}",,f,,f,647,2026-08-10 09:21:57.7678+00,2026-07-24 22:35:57.666164+00
cd99c16d-6d1a-4a00-a687-5522d9ad861c,10806,INSTITUTO NACIONAL DOCTOR FRANCISCO MARTÍNEZ SUAREZ,CHALATENANGO,CHALATENANGO SUR,CHALATENANGO,,,,"{72268054,72268054,72268054}",,f,,f,809,2026-08-10 09:21:57.7678+00,2026-07-24 22:35:57.666164+00
428d5973-8cef-4e2e-972a-f90eb83ee102,10808,CENTRO ESCOLAR CANTÓN SAN JOSÉ,CHALATENANGO,CHALATENANGO SUR,CHALATENANGO,,,,"{72500746,72500746,72500746}",,f,,f,810,2026-08-10 09:21:57.7678+00,2026-07-24 22:35:57.666164+00
8f0124ed-98e3-4d2f-9833-d372094a2fc6,10821,ESCUELA DE EDUCACION ESPECIAL DE CHALATENANGO,CHALATENANGO,CHALATENANGO SUR,CHALATENANGO,,,,"{72495018,72495018,72495018}",,f,,f,823,2026-08-10 09:21:57.7678+00,2026-07-24 22:35:57.666164+00
c7c75e44-2fc3-49b6-94ac-356c5d1f5549,11885,ESCUELA DE EDUCACION PARVULARIA  SAN VICENTE DE PAUL,CUSCATLÁN,CUSCATLÁN  SUR,SANTA CRUZ MICHAPA,,,,"{72585311,72585311,72585311}",,f,,f,1141,2026-08-10 09:21:57.898103+00,2026-07-24 22:35:57.939696+00
f99a60f1-f70e-404b-88b6-29c98680c268,11886,CENTRO ESCOLAR COLONIA MACARENA,CUSCATLÁN,CUSCATLÁN  SUR,SANTA CRUZ MICHAPA,,,,"{72401453,72401453,72401453}",,f,,f,1142,2026-08-10 09:21:57.898103+00,2026-07-24 22:35:57.939696+00
d3258f12-e830-4a68-accf-a3e6bf483927,11887,CENTRO ESCOLAR GENERAL SEGUNDO RUANO RIVAS,CUSCATLÁN,CUSCATLÁN  SUR,SANTA CRUZ MICHAPA,,,,"{72399311,72399311,72399311}",,f,,f,1143,2026-08-10 09:21:57.898103+00,2026-07-24 22:35:57.939696+00
3e81eb8f-d49b-4a97-a857-07f103a5969f,11153,"CENTRO ESCOLAR FINCA CUATRO SANTOS, CANTON SAN FRANCISCO",LA LIBERTAD,LA LIBERTAD NORTE,QUEZALTEPEQUE,,,,"{78564557,78564557,78564557}",,f,,f,1399,2026-08-10 09:21:57.898103+00,2026-07-24 22:35:57.939696+00
6fcbef5b-50a7-4ec4-97f4-008d1f7bc54a,72082,CENTRO ESCOLAR CANTÓN ROSARIO PERICO,CUSCATLÁN,CUSCATLÁN  SUR,TENANCINGO,,,,"{72506382,72506382,72506382}",,f,,f,1158,2026-08-10 09:21:57.898103+00,2026-07-24 22:35:57.939696+00
9b9186ba-24ff-481c-a764-f64e8189fa55,11155,INSTITUTO NACIONAL JOSE MARIA PERALTA LAGOS,LA LIBERTAD,LA LIBERTAD NORTE,QUEZALTEPEQUE,,,,"{72508689,72506889,72506889}",,f,,f,1400,2026-08-10 09:21:57.898103+00,2026-07-24 22:35:57.939696+00
97004b27-7f67-467d-9982-3f4711ff582d,11159,ESCUELA DE EDUCACIÓN PARVULARIA  DE QUEZALTEPEQUE,LA LIBERTAD,LA LIBERTAD NORTE,QUEZALTEPEQUE,,,,"{72285819,72285819}",,f,,f,1401,2026-08-10 09:21:57.898103+00,2026-07-24 22:35:57.939696+00
1486a867-64a6-4fd3-9a0c-f60a4f7f9a36,11163,CENTRO ESCOLAR JUANA GALAN DE QUINTANILLA,LA LIBERTAD,LA LIBERTAD NORTE,QUEZALTEPEQUE,,,,"{72492285,72492285,72492285}",,f,,f,1402,2026-08-10 09:21:57.898103+00,2026-07-24 22:35:57.939696+00
2882c47f-1c6e-41fa-a68e-26f59b160273,11164,CENTRO ESCOLAR CANTON LA PRIMAVERA,LA LIBERTAD,LA LIBERTAD NORTE,QUEZALTEPEQUE,,,,"{72492243,72492243,72492243}",,f,,f,1403,2026-08-10 09:21:57.898103+00,2026-07-24 22:35:57.939696+00
73cbdcc3-c4ce-4dc6-bccb-a9a0e5b4f54e,11165,CENTRO ESCOLAR  ESTEBANA SANABRIA DE LARIOS,LA LIBERTAD,LA LIBERTAD NORTE,QUEZALTEPEQUE,,,,"{77481570,77481570,77481570}",,f,,f,1404,2026-08-10 09:21:57.898103+00,2026-07-24 22:35:57.939696+00
bc893dc5-75c4-43c1-9f82-cd76b8f54c58,10014,COMPLEJO EDUCATIVO ISABEL CARRILLO DE BOLAÑOS,AHUACHAPÁN,AHUACHAPÁN CENTRO,AHUACHAPÁN,,,,"{72500353,72500353,72500353}",,f,,f,12,2026-08-10 09:21:57.238686+00,2026-07-24 22:35:57.316281+00
3dba1c43-7685-4afc-9d78-05ee3c99e92e,60099,CENTRO ESCOLAR CANTÓN EL CHAGUITE,AHUACHAPÁN,AHUACHAPÁN CENTRO,TACUBA,,,,"{72503137,72503137,72503137}",,f,,f,117,2026-08-10 09:21:57.238686+00,2026-07-24 22:35:57.316281+00
0726cdd9-bdc6-4661-b417-5535e3d56c1e,10155,COMPLEJO EDUCATIVO CANTÓN LAS POZAS,AHUACHAPÁN,AHUACHAPÁN NORTE,SAN LORENZO,,,,"{78627154,78627154,78627154}",,f,,f,166,2026-08-10 09:21:57.238686+00,2026-07-24 22:35:57.316281+00
3d8a7e17-c24e-4d78-9b82-faa6baea0c6a,11025,CENTRO ESCOLAR COLONIA SAN JOSÉ LOS AMATES,AHUACHAPÁN,AHUACHAPÁN NORTE,SAN LORENZO,,,,"{78032265,78032265,78032265}",,f,,f,167,2026-08-10 09:21:57.238686+00,2026-07-24 22:35:57.316281+00
e86c8355-d1e4-4a21-8a8d-7c60cf9ee245,10178,CENTRO ESCOLAR CANTÓN EL JOBO,AHUACHAPÁN,AHUACHAPÁN NORTE,TURÍN,,,,"{79514216,79514216,79514216}",,f,,f,174,2026-08-10 09:21:57.238686+00,2026-07-24 22:35:57.316281+00
0c3ee5ec-548f-4670-a5f7-0bdf1c4f5318,10179,ESCUELA DE EDUCACION PARVULARIA REPUBLICA DE ALEMANIA,AHUACHAPÁN,AHUACHAPÁN NORTE,TURÍN,,,,"{""no recibió"",78407605,78407605}",,f,,f,175,2026-08-10 09:21:57.238686+00,2026-07-24 22:35:57.316281+00
6ca121d0-debe-4267-8a76-300aa5ec1cb9,10157,CENTRO ESCOLAR CANTON EL CORTEZ,AHUACHAPÁN,AHUACHAPÁN SUR,SAN PEDRO PUXTLA,,,,"{72272383,60695155}",,f,,f,273,2026-08-10 09:21:57.238686+00,2026-07-24 22:35:57.316281+00
63a3afd1-096f-4548-a89f-3737d7ea6245,60079,CENTRO ESCOLAR CANTÓN PULULAPA,AHUACHAPÁN,AHUACHAPÁN SUR,SAN PEDRO PUXTLA,,,,"{72272420,72272420,72272420}",,f,,f,275,2026-08-10 09:21:57.238686+00,2026-07-24 22:35:57.316281+00
ed91a1b7-2c38-46c1-929f-a06e25eea3fb,60081,CENTRO ESCOLAR CANTÓN EL DURAZNO,AHUACHAPÁN,AHUACHAPÁN SUR,SAN PEDRO PUXTLA,,,,"{78035539,78035539,78035539}",,f,,f,276,2026-08-10 09:21:57.238686+00,2026-07-24 22:35:57.316281+00
f5e8d1ef-694e-435f-97ed-148eb51c1053,10848,"CENTRO ESCOLAR CASERIO LA COYOTERA, CANTON SANTA BARBARA",CHALATENANGO,CHALATENANGO CENTRO,EL PARAÍSO,,,,"{72489924,72489924}",,f,,f,583,2026-08-10 09:21:57.7678+00,2026-07-24 22:35:57.666164+00
75758330-d65b-436c-b883-8f4364810f57,60223,"CENTRO ESCOLAR CASERÍO CAÑITAS, CANTÓN TEOSINTE",CHALATENANGO,CHALATENANGO CENTRO,SAN FRANCISCO MORAZÁN,,,,"{72510009,72510009,72510009}",,f,,f,677,2026-08-10 09:21:57.7678+00,2026-07-24 22:35:57.666164+00
1064d3e3-1619-417c-877c-4c3ab5799107,86219,CENTRO ESCOLAR CANTÓN GUARJILA,CHALATENANGO,CHALATENANGO SUR,CHALATENANGO,,,,"{72501219,72501219,72501219}",,f,,f,834,2026-08-10 09:21:57.7678+00,2026-07-24 22:35:57.666164+00
98e8ad5f-1cb2-435c-b2ea-a9dbf84a102c,10782,CENTRO ESCOLAR CANTON BARILLAS,CHALATENANGO,CHALATENANGO SUR,COMALAPA,,,,"{72614013,72614013,72614013}",,f,,f,842,2026-08-10 09:21:57.7678+00,2026-07-24 22:35:57.666164+00
63a61c00-8a4d-4e71-b9aa-6efd1bba9220,10783,CENTRO ESCOLAR CANTON CANDELARIA,CHALATENANGO,CHALATENANGO SUR,COMALAPA,,,,"{72595063,72595063,72595063}",,f,,f,843,2026-08-10 09:21:57.7678+00,2026-07-24 22:35:57.666164+00
864a716e-d848-4d12-9073-318955cbebc8,10784,ESCUELA DE EDUCACION PARVULARIA  DE COMALAPA,CHALATENANGO,CHALATENANGO SUR,COMALAPA,,,,"{75188052,75188052}",,f,,f,844,2026-08-10 09:21:57.7678+00,2026-07-24 22:35:57.666164+00
570cabd8-90bd-47bd-b663-b9701029e12a,60082,CENTRO ESCOLAR CANTÓN TEXISPULCO,AHUACHAPÁN,AHUACHAPÁN SUR,SAN PEDRO PUXTLA,,,,"{72270341,72270341,72270341}",,f,,f,277,2026-08-10 09:21:57.238686+00,2026-07-24 22:35:57.316281+00
40aa0e0d-936b-4b3a-bed9-9e72cb4d5692,72078,CENTRO ESCOLAR CANTÓN AJULUCO,CUSCATLÁN,CUSCATLÁN  SUR,TENANCINGO,,,,"{72512685,72512685,72512685}",,f,,f,1154,2026-08-10 09:21:57.898103+00,2026-07-24 22:35:57.939696+00
8e275a76-3159-482a-9c8e-63a9ca2abaeb,72079,CENTRO ESCOLAR CANTÓN COPALCHAN,CUSCATLÁN,CUSCATLÁN  SUR,TENANCINGO,,,,"{72508461,72508461,72508461}",,f,,f,1155,2026-08-10 09:21:57.898103+00,2026-07-24 22:35:57.939696+00
8324f132-e8a7-499c-83a4-325ebc102cba,72080,CENTRO ESCOLAR CANTÓN EL PEPETO,CUSCATLÁN,CUSCATLÁN  SUR,TENANCINGO,,,,"{72512679,72512679,72512679}",,f,,f,1156,2026-08-10 09:21:57.898103+00,2026-07-24 22:35:57.939696+00
0741d02e-b85d-41b7-b530-b9d90600bf87,76019,"CENTRO ESCOLAR CASERÍO TERRERO NEGRO, CANTÓN CALERA",CABAÑAS,CABAÑAS OESTE,ILOBASCO,,,,"{78566098,78566098}",,f,,f,502,2026-08-10 09:21:57.7678+00,2026-07-24 22:35:57.666164+00
bee483eb-4f15-4373-903b-5ec6e64ce97d,76020,"CENTRO ESCOLAR CASERÍO LAS VEGAS, CANTÓN CALERA",CABAÑAS,CABAÑAS OESTE,ILOBASCO,,,,"{72392839,72392839,72392839}",,f,,f,503,2026-08-10 09:21:57.7678+00,2026-07-24 22:35:57.666164+00
4a2c668e-51da-44e2-88ed-83ad5bc92b3b,76021,"CENTRO ESCOLAR CASERÍO HELEN, CANTÓN SITIO VIEJO",CABAÑAS,CABAÑAS OESTE,ILOBASCO,,,,"{78408059,78408059,78408059}",,f,,f,504,2026-08-10 09:21:57.7678+00,2026-07-24 22:35:57.666164+00
1601a226-e98d-462d-b2ea-f6a763a3e563,10923,"CENTRO ESCOLAR CASERIO CONACASTILLO, CANTON EL ROSARIO",CHALATENANGO,CHALATENANGO CENTRO,NUEVA CONCEPCIÓN,,,,"{76018852,76018852,76018852}",,f,,f,636,2026-08-10 09:21:57.7678+00,2026-07-24 22:35:57.666164+00
9aa184ac-4f7b-4ba4-afe7-754ff2e2012c,66019,"CENTRO ESCOLAR CASERÍO LA MONTAÑONA, CANTÓN LLANO GRANDE",CHALATENANGO,CHALATENANGO SUR,CONCEPCIÓN QUEZALTEPEQUE,,,,"{72599398,72599398}",,f,,f,860,2026-08-10 09:21:57.7678+00,2026-07-24 22:35:57.666164+00
07371a98-ff2f-45b2-bfdc-bb67952fd4e3,86536,"CENTRO ESCOLAR CASERÍO IRIOMA, CANTÓN ROSARIO TABLÓN",CUSCATLÁN,CUSCATLÁN  SUR,TENANCINGO,,,,"{78035421,78035421}",,f,,f,1160,2026-08-10 09:21:57.898103+00,2026-07-24 22:35:57.939696+00
259f63ad-fdb6-42a1-8957-2f2545d9868b,10015,CENTRO ESCOLAR PROFESOR RICARDO ARGUETA LINARES,AHUACHAPÁN,AHUACHAPÁN CENTRO,AHUACHAPÁN,,,,"{72265914,72265914,72265914}",,f,,f,13,2026-08-10 09:21:57.238686+00,2026-07-24 22:35:57.316281+00
be7c8877-900b-4890-91c9-4082b23504d0,10016,CENTRO ESCOLAR CANTON EL ROBLE,AHUACHAPÁN,AHUACHAPÁN CENTRO,AHUACHAPÁN,,,,"{78564617,78564617,78564617}",,f,,f,14,2026-08-10 09:21:57.238686+00,2026-07-24 22:35:57.316281+00
841f590c-1d98-464e-9945-c2ad4c8eb0cd,10017,CENTRO ESCOLAR CANTON EL JUNQUILLO,AHUACHAPÁN,AHUACHAPÁN CENTRO,AHUACHAPÁN,,,,"{76075091,76075091,76075091}",,f,,f,15,2026-08-10 09:21:57.238686+00,2026-07-24 22:35:57.316281+00
25e74f5c-2816-4be2-a7a7-4d326804a15a,11002,"CENTRO ESCOLAR TEPEYAC, CIUDAD ARCE",LA LIBERTAD,LA LIBERTAD  CENTRO,CIUDAD ARCE,,,,"{72414185,72414185,72414185}",,f,,f,1161,2026-08-10 09:21:57.898103+00,2026-07-24 22:35:57.939696+00
17eb449c-f19b-4ec3-b9ed-a92efaa657e4,11003,INSTITUTO NACIONAL DE CIUDAD ARCE,LA LIBERTAD,LA LIBERTAD  CENTRO,CIUDAD ARCE,,,,"{72409825,72409825,72409825}",,f,,f,1162,2026-08-10 09:21:57.898103+00,2026-07-24 22:35:57.939696+00
f5e3bbb5-fffe-4cfc-b5ff-0f919ddd5ca3,10019,CENTRO ESCOLAR CANTON ASHAPUCO,AHUACHAPÁN,AHUACHAPÁN CENTRO,AHUACHAPÁN,,,,"{72265962,74167722}",,f,,f,16,2026-08-10 09:21:57.238686+00,2026-07-24 22:35:57.316281+00
fdad3237-8688-4080-838f-7e849cddeeb4,10021,CENTRO ESCOLAR CANTON SUNTECUMAT,AHUACHAPÁN,AHUACHAPÁN CENTRO,AHUACHAPÁN,,,,"{72491827,72491827,72491827}",,f,,f,17,2026-08-10 09:21:57.238686+00,2026-07-24 22:35:57.316281+00
963f4e53-67e3-468a-b8fb-d7030e4eee48,10022,CENTRO ESCOLAR CANTÓN LOS MAGUEYES,AHUACHAPÁN,AHUACHAPÁN CENTRO,AHUACHAPÁN,,,,"{72500538,72500538,72500538}",,f,,f,18,2026-08-10 09:21:57.238686+00,2026-07-24 22:35:57.316281+00
4d56094c-106e-4708-8b67-40b6a77ef7ad,10023,CENTRO ESCOLAR DOCTOR RENE VIRGILIO CORNEJO GRANADOS,AHUACHAPÁN,AHUACHAPÁN CENTRO,AHUACHAPÁN,,,,"{72502707,78224399,72502707}",,f,,f,19,2026-08-10 09:21:57.238686+00,2026-07-24 22:35:57.316281+00
77cd236d-fcb2-4793-8252-7e7a13d49ab7,60100,CENTRO ESCOLAR CANTÓN LA MONTAÑA,AHUACHAPÁN,AHUACHAPÁN CENTRO,TACUBA,,,,"{72509550,72594453,72509550}",,f,,f,118,2026-08-10 09:21:57.238686+00,2026-07-24 22:35:57.316281+00
94d3d905-eac8-494b-86d6-bd19a5b4bf3b,60107,CENTRO ESCOLAR CANTÓN GUACHIPILIN,AHUACHAPÁN,AHUACHAPÁN SUR,SAN PEDRO PUXTLA,,,,"{78626160,78626160,78626160}",,f,,f,278,2026-08-10 09:21:57.238686+00,2026-07-24 22:35:57.316281+00
b354cbca-06e6-481b-8e28-5a0fe5183675,86342,"CENTRO ESCOLAR CASERÍO LOS ALTUVE, CANTÓN GUACHIPILÍN",AHUACHAPÁN,AHUACHAPÁN SUR,SAN PEDRO PUXTLA,,,,"{72272474,72272474,72272474}",,f,,f,279,2026-08-10 09:21:57.238686+00,2026-07-24 22:35:57.316281+00
1edb8dcc-27a2-4973-bac0-e2f0cf372c3e,88136,CENTRO ESCOLAR CATOLICO SAMMY GUIDO VELLARDITA,AHUACHAPÁN,AHUACHAPÁN SUR,SAN PEDRO PUXTLA,,,,"{72493338,72493338,72493338}",,f,,f,280,2026-08-10 09:21:57.238686+00,2026-07-24 22:35:57.316281+00
bea234c0-f733-4e88-ad39-7cb217721448,10836,COMPLEJO EDUCATIVO CANTÓN VAINILLAS,CHALATENANGO,CHALATENANGO SUR,EL CARRIZAL,,,,"{72582870,72582870,72582870}",,f,,f,862,2026-08-10 09:21:57.7678+00,2026-07-24 22:35:57.666164+00
23042727-af93-4ec4-8419-58cf4e979aee,10837,CENTRO ESCOLAR CANTON PETAPAS,CHALATENANGO,CHALATENANGO SUR,EL CARRIZAL,,,,"{78564165,78564165,78564165}",,f,,f,863,2026-08-10 09:21:57.7678+00,2026-07-24 22:35:57.666164+00
e65edbab-1c97-40e1-a5e2-29bec7a18707,13016,ESCUELA DE EDUCACION PARVULARIA EL CARRIZAL,CHALATENANGO,CHALATENANGO SUR,EL CARRIZAL,,,,"{63010695,63010695,63010695}",,f,,f,864,2026-08-10 09:21:57.7678+00,2026-07-24 22:35:57.666164+00
ae0541f9-7167-4138-b401-d99b63431737,11004,"CENTRO ESCOLAR CASERIO EL CAFETALITO, CANTON SANTA ROSA",LA LIBERTAD,LA LIBERTAD  CENTRO,CIUDAD ARCE,,,,"{72416247,72416247,72416247}",,f,,f,1163,2026-08-10 09:21:57.898103+00,2026-07-24 22:35:57.939696+00
05114d15-f61e-4e89-886f-011241a8d085,12304,ESCUELA DE EDUCACIÓN PARVULARIA DE DOLORES,CABAÑAS,CABAÑAS  ESTE,DOLORES,,,,"{72449155,72449155}",,f,,f,281,2026-08-10 09:21:57.238686+00,2026-07-24 22:35:57.316281+00
fb4c183b-c5df-4ad8-9cb7-5954207570cb,11166,CENTRO ESCOLAR CANTON GIRON,LA LIBERTAD,LA LIBERTAD NORTE,QUEZALTEPEQUE,,,,"{79878161,79878161,79878161}",,f,,f,1405,2026-08-10 09:21:57.898103+00,2026-07-24 22:35:57.939696+00
79124112-af58-4936-b05d-0945dd92867a,11170,CENTRO ESCOLAR CANTON LOS SITIOS DE NEJAPA,LA LIBERTAD,LA LIBERTAD NORTE,QUEZALTEPEQUE,,,,"{72395300,72395300}",,f,,f,1406,2026-08-10 09:21:57.898103+00,2026-07-24 22:35:57.939696+00
1e6a240d-0e76-48e8-9a44-52d6b3a703fc,11171,CENTRO ESCOLAR JOSE DOLORES LARREYNAGA,LA LIBERTAD,LA LIBERTAD NORTE,QUEZALTEPEQUE,,,,"{78034783,78034783,78034783}",,f,,f,1407,2026-08-10 09:21:57.898103+00,2026-07-24 22:35:57.939696+00
d55596b1-7afd-4200-886c-7e0696838a30,11172,CENTRO ESCOLAR MIGUEL ANGEL GARCIA,LA LIBERTAD,LA LIBERTAD NORTE,QUEZALTEPEQUE,,,,"{72401340,72401340,72401340}",,f,,f,1408,2026-08-10 09:21:57.898103+00,2026-07-24 22:35:57.939696+00
4a520850-eb4c-41ff-8939-4a51e91e7bd8,11173,CENTRO ESCOLAR REPUBLICA DE NICARAGUA,LA LIBERTAD,LA LIBERTAD NORTE,QUEZALTEPEQUE,,,,"{76032482,76032482,76032482}",,f,,f,1409,2026-08-10 09:21:57.898103+00,2026-07-24 22:35:57.939696+00
c572bead-af93-44a6-84a6-8b553307be10,11174,CENTRO ESCOLAR JUAN RAMON JIMENEZ,LA LIBERTAD,LA LIBERTAD NORTE,QUEZALTEPEQUE,,,,"{72494293,72494293,72494293}",,f,,f,1410,2026-08-10 09:21:57.898103+00,2026-07-24 22:35:57.939696+00
af2735cf-65e2-4de3-8fb1-81e1a74a26bd,11175,CENTRO ESCOLAR PROFESORA MARIA JULIA ALVARADO MADRID DE GARCIA,LA LIBERTAD,LA LIBERTAD NORTE,QUEZALTEPEQUE,,,,"{72485267,72485267,72485267}",,f,,f,1411,2026-08-10 09:21:57.898103+00,2026-07-24 22:35:57.939696+00
